{
  "name": "JavaScript Básico",
  "description": "Conceptos fundamentales de JavaScript",
  "timeLimit": 20,
  "questions": [
    {
      "question": "¿Qué es una variable en JavaScript?",
      "options": [
        "Un contenedor para datos",
        "Una función predefinida",
        "Un tipo de bucle",
        "Un método matemático"
      ],
      "answer": 0,
      "justification": ""
    },
    {
      "question": "¿Cuál de estas palabras clave se usa para declarar una constante?",
      "options": [
        "var",
        "let",
        "const",
        "function"
      ],
      "answer": 2,
      "justification": ""
    },
    {
      "question": "¿Qué tipo de dato devuelve typeof null?",
      "options": [
        "null",
        "undefined",
        "object",
        "boolean"
      ],
      "answer": 2,
      "justification": ""
    }
  ]
}